path,base_file_name,type,dataset,speaker,session,offset_true,offset_prediction,subset,difference,detectability_correct
/group/project/ultrax2020/UltraSuite/core-uxtd/core/30F,001B,B,uxtd,30F,Single,0.48417,0.495,unseen_speaker,10.830000000000005,1
/group/project/ultrax2020/UltraSuite/core-uxtd/core/30F,002B,B,uxtd,30F,Single,0.48358,0.54,unseen_speaker,56.42000000000002,0
/group/project/ultrax2020/UltraSuite/core-uxtd/core/30F,003B,B,uxtd,30F,Single,0.4950100000000001,0.45,unseen_speaker,-45.010000000000105,1
/group/project/ultrax2020/UltraSuite/core-uxtd/core/30F,004B,B,uxtd,30F,Single,0.48517,0.495,unseen_speaker,9.830000000000005,1
/group/project/ultrax2020/UltraSuite/core-uxtd/core/30F,005B,B,uxtd,30F,Single,0.48227,0.495,unseen_speaker,12.730000000000018,1
/group/project/ultrax2020/UltraSuite/core-uxtd/core/30F,006B,B,uxtd,30F,Single,0.49673,0.495,unseen_speaker,-1.7300000000000093,1
/group/project/ultrax2020/UltraSuite/core-uxtd/core/30F,007B,B,uxtd,30F,Single,0.4942399999999999,0.495,unseen_speaker,0.7600000000000939,1
/group/project/ultrax2020/UltraSuite/core-uxtd/core/30F,008B,B,uxtd,30F,Single,0.49438,0.54,unseen_speaker,45.62000000000005,0
/group/project/ultrax2020/UltraSuite/core-uxtd/core/30F,009B,B,uxtd,30F,Single,0.48512,0.45,unseen_speaker,-35.11999999999998,1
/group/project/ultrax2020/UltraSuite/core-uxtd/core/30F,010B,B,uxtd,30F,Single,0.4914699999999999,0.495,unseen_speaker,3.5300000000000886,1
/group/project/ultrax2020/UltraSuite/core-uxtd/core/30F,011B,B,uxtd,30F,Single,0.4920600000000001,0.495,unseen_speaker,2.939999999999887,1
/group/project/ultrax2020/UltraSuite/core-uxtd/core/30F,012B,B,uxtd,30F,Single,0.4924699999999999,0.495,unseen_speaker,2.5300000000000877,1
/group/project/ultrax2020/UltraSuite/core-uxtd/core/30F,013B,B,uxtd,30F,Single,0.48753,0.495,unseen_speaker,7.469999999999977,1
/group/project/ultrax2020/UltraSuite/core-uxtd/core/30F,014B,B,uxtd,30F,Single,0.4905199999999999,0.495,unseen_speaker,4.480000000000095,1
/group/project/ultrax2020/UltraSuite/core-uxtd/core/30F,015B,B,uxtd,30F,Single,0.49166,0.495,unseen_speaker,3.3400000000000096,1
/group/project/ultrax2020/UltraSuite/core-uxtd/core/30F,016B,B,uxtd,30F,Single,0.49166,0.495,unseen_speaker,3.3400000000000096,1
/group/project/ultrax2020/UltraSuite/core-uxtd/core/30F,017B,B,uxtd,30F,Single,0.48916,0.54,unseen_speaker,50.84000000000005,0
/group/project/ultrax2020/UltraSuite/core-uxtd/core/30F,018A,A,uxtd,30F,Single,0.4917,0.495,unseen_speaker,3.2999999999999696,1
/group/project/ultrax2020/UltraSuite/core-uxtd/core/30F,019B,B,uxtd,30F,Single,0.4951,0.495,unseen_speaker,-0.09999999999998899,1
/group/project/ultrax2020/UltraSuite/core-uxtd/core/30F,020A,A,uxtd,30F,Single,0.49488,0.585,unseen_speaker,90.11999999999998,0
/group/project/ultrax2020/UltraSuite/core-uxtd/core/30F,021B,B,uxtd,30F,Single,0.4927,0.45,unseen_speaker,-42.70000000000002,1
/group/project/ultrax2020/UltraSuite/core-uxtd/core/30F,022A,A,uxtd,30F,Single,0.4955100000000001,0.495,unseen_speaker,-0.5100000000001215,1
/group/project/ultrax2020/UltraSuite/core-uxtd/core/30F,023A,A,uxtd,30F,Single,0.4949699999999999,0.54,unseen_speaker,45.03000000000013,0
/group/project/ultrax2020/UltraSuite/core-uxtd/core/30F,024A,A,uxtd,30F,Single,0.4942399999999999,0.495,unseen_speaker,0.7600000000000939,1
/group/project/ultrax2020/UltraSuite/core-uxtd/core/30F,025B,B,uxtd,30F,Single,0.49478,0.495,unseen_speaker,0.21999999999999797,1
/group/project/ultrax2020/UltraSuite/core-uxtd/core/30F,026B,B,uxtd,30F,Single,0.48322,0.405,unseen_speaker,-78.21999999999996,1
/group/project/ultrax2020/UltraSuite/core-uxtd/core/30F,027B,B,uxtd,30F,Single,0.4927399999999999,0.495,unseen_speaker,2.2600000000000953,1
/group/project/ultrax2020/UltraSuite/core-uxtd/core/30F,030A,A,uxtd,30F,Single,0.48812,0.45,unseen_speaker,-38.11999999999999,1
/group/project/ultrax2020/UltraSuite/core-uxtd/core/30F,031A,A,uxtd,30F,Single,0.48807,0.495,unseen_speaker,6.929999999999992,1
/group/project/ultrax2020/UltraSuite/core-uxtd/core/30F,032A,A,uxtd,30F,Single,0.48558,0.495,unseen_speaker,9.419999999999984,1
/group/project/ultrax2020/UltraSuite/core-uxtd/core/30F,033A,A,uxtd,30F,Single,0.48871,0.495,unseen_speaker,6.290000000000018,1
/group/project/ultrax2020/UltraSuite/core-uxtd/core/30F,034A,A,uxtd,30F,Single,0.48893,0.495,unseen_speaker,6.07000000000002,1
/group/project/ultrax2020/UltraSuite/core-uxtd/core/30F,035A,A,uxtd,30F,Single,0.48862,0.495,unseen_speaker,6.379999999999997,1
/group/project/ultrax2020/UltraSuite/core-uxtd/core/30F,036A,A,uxtd,30F,Single,0.4810399999999999,0.495,unseen_speaker,13.960000000000083,1
/group/project/ultrax2020/UltraSuite/core-uxtd/core/30F,037A,A,uxtd,30F,Single,0.48912,0.45,unseen_speaker,-39.11999999999999,1
/group/project/ultrax2020/UltraSuite/core-uxtd/core/30F,038A,A,uxtd,30F,Single,0.48785,0.495,unseen_speaker,7.14999999999999,1
/group/project/ultrax2020/UltraSuite/core-uxtd/core/30F,039A,A,uxtd,30F,Single,0.48875,0.495,unseen_speaker,6.249999999999978,1
/group/project/ultrax2020/UltraSuite/core-uxtd/core/30F,040A,A,uxtd,30F,Single,0.48862,0.45,unseen_speaker,-38.61999999999999,1
/group/project/ultrax2020/UltraSuite/core-uxtd/core/30F,041A,A,uxtd,30F,Single,0.48971,0.54,unseen_speaker,50.290000000000056,0
/group/project/ultrax2020/UltraSuite/core-uxtd/core/30F,042A,A,uxtd,30F,Single,0.48862,0.495,unseen_speaker,6.379999999999997,1
/group/project/ultrax2020/UltraSuite/core-uxtd/core/30F,043A,A,uxtd,30F,Single,0.48844,0.45,unseen_speaker,-38.439999999999976,1
/group/project/ultrax2020/UltraSuite/core-uxtd/core/30F,044A,A,uxtd,30F,Single,0.48871,0.495,unseen_speaker,6.290000000000018,1
/group/project/ultrax2020/UltraSuite/core-uxtd/core/30F,045A,A,uxtd,30F,Single,0.48812,0.495,unseen_speaker,6.879999999999997,1
/group/project/ultrax2020/UltraSuite/core-uxtd/core/30F,046A,A,uxtd,30F,Single,0.48862,0.45,unseen_speaker,-38.61999999999999,1
/group/project/ultrax2020/UltraSuite/core-uxtd/core/30F,047A,A,uxtd,30F,Single,0.48707,0.495,unseen_speaker,7.929999999999993,1
/group/project/ultrax2020/UltraSuite/core-uxtd/core/30F,048A,A,uxtd,30F,Single,0.4940600000000001,0.45,unseen_speaker,-44.0600000000001,1
/group/project/ultrax2020/UltraSuite/core-uxtd/core/30F,049D,D,uxtd,30F,Single,0.48603,0.72,unseen_speaker,233.96999999999994,0
/group/project/ultrax2020/UltraSuite/core-uxtd/core/30F,050D,D,uxtd,30F,Single,0.4932,0.72,unseen_speaker,226.79999999999995,0
/group/project/ultrax2020/UltraSuite/core-uxtd/core/30F,051D,D,uxtd,30F,Single,0.4934199999999999,0.495,unseen_speaker,1.5800000000000813,1
/group/project/ultrax2020/UltraSuite/core-uxtd/core/30F,052D,D,uxtd,30F,Single,0.47878,0.405,unseen_speaker,-73.77999999999996,1
/group/project/ultrax2020/UltraSuite/core-uxtd/core/30F,053D,D,uxtd,30F,Single,0.4927399999999999,0.45,unseen_speaker,-42.73999999999989,1
/group/project/ultrax2020/UltraSuite/core-uxtd/core/30F,054D,D,uxtd,30F,Single,0.47927,0.45,unseen_speaker,-29.269999999999964,1
/group/project/ultrax2020/UltraSuite/core-uxtd/core/30F,055D,D,uxtd,30F,Single,0.49265,1.755,unseen_speaker,1262.35,0
/group/project/ultrax2020/UltraSuite/core-uxtd/core/30F,056D,D,uxtd,30F,Single,0.4942,0.405,unseen_speaker,-89.19999999999995,1
/group/project/ultrax2020/UltraSuite/core-uxtd/core/30F,057D,D,uxtd,30F,Single,0.4934699999999999,0.495,unseen_speaker,1.5300000000000868,1
/group/project/ultrax2020/UltraSuite/core-uxtd/core/30F,058D,D,uxtd,30F,Single,0.49338,0.27,unseen_speaker,-223.37999999999997,0
/group/project/ultrax2020/UltraSuite/core-uxtd/core/30F,059D,D,uxtd,30F,Single,0.49175,0.495,unseen_speaker,3.249999999999975,1
/group/project/ultrax2020/UltraSuite/core-uxtd/core/30F,060D,D,uxtd,30F,Single,0.4890199999999999,0.27,unseen_speaker,-219.01999999999987,0
/group/project/ultrax2020/UltraSuite/core-uxtd/core/30F,061D,D,uxtd,30F,Single,0.48113,0.18,unseen_speaker,-301.13,0
/group/project/ultrax2020/UltraSuite/core-uxtd/core/30F,062D,D,uxtd,30F,Single,0.48349,1.71,unseen_speaker,1226.51,0
/group/project/ultrax2020/UltraSuite/core-uxtd/core/30F,063D,D,uxtd,30F,Single,0.49116,0.45,unseen_speaker,-41.159999999999975,1
/group/project/ultrax2020/UltraSuite/core-uxtd/core/30F,064D,D,uxtd,30F,Single,0.48408,1.755,unseen_speaker,1270.9199999999998,0
/group/project/ultrax2020/UltraSuite/core-uxtd/core/30F,065D,D,uxtd,30F,Single,0.49093,0.72,unseen_speaker,229.07,0
/group/project/ultrax2020/UltraSuite/core-uxtd/core/30F,066D,D,uxtd,30F,Single,0.48703,0.405,unseen_speaker,-82.02999999999999,1
/group/project/ultrax2020/UltraSuite/core-uxtd/core/30F,067D,D,uxtd,30F,Single,0.48295,0.27,unseen_speaker,-212.94999999999996,0
/group/project/ultrax2020/UltraSuite/core-uxtd/core/30F,068D,D,uxtd,30F,Single,0.4912899999999999,0.45,unseen_speaker,-41.289999999999885,1
/group/project/ultrax2020/UltraSuite/core-uxtd/core/30F,069D,D,uxtd,30F,Single,0.48322,1.755,unseen_speaker,1271.78,0
/group/project/ultrax2020/UltraSuite/core-uxtd/core/30F,070D,D,uxtd,30F,Single,0.49243,0.0,unseen_speaker,-492.43,0
/group/project/ultrax2020/UltraSuite/core-uxtd/core/30F,071D,D,uxtd,30F,Single,0.47955,0.585,unseen_speaker,105.44999999999999,0
/group/project/ultrax2020/UltraSuite/core-uxtd/core/30F,072D,D,uxtd,30F,Single,0.48263,1.71,unseen_speaker,1227.3700000000001,0
/group/project/ultrax2020/UltraSuite/core-uxtd/core/30F,073D,D,uxtd,30F,Single,0.47868,0.45,unseen_speaker,-28.679999999999982,1
/group/project/ultrax2020/UltraSuite/core-uxtd/core/30F,074D,D,uxtd,30F,Single,0.50141,1.305,unseen_speaker,803.5899999999999,0
/group/project/ultrax2020/UltraSuite/core-uxtd/core/30F,075D,D,uxtd,30F,Single,0.50095,1.71,unseen_speaker,1209.05,0
/group/project/ultrax2020/UltraSuite/core-uxtd/core/30F,076D,D,uxtd,30F,Single,0.50354,0.765,unseen_speaker,261.46000000000004,0
/group/project/ultrax2020/UltraSuite/core-uxtd/core/30F,077D,D,uxtd,30F,Single,0.50236,1.71,unseen_speaker,1207.64,0
/group/project/ultrax2020/UltraSuite/core-uxtd/core/30F,078D,D,uxtd,30F,Single,0.50408,0.81,unseen_speaker,305.9200000000001,0
/group/project/ultrax2020/UltraSuite/core-uxtd/core/30F,079D,D,uxtd,30F,Single,0.502,0.765,unseen_speaker,263.0,0
/group/project/ultrax2020/UltraSuite/core-uxtd/core/30F,080D,D,uxtd,30F,Single,0.4813199999999999,1.395,unseen_speaker,913.6800000000001,0
/group/project/ultrax2020/UltraSuite/core-uxtd/core/30F,081D,D,uxtd,30F,Single,0.49991,1.26,unseen_speaker,760.0899999999999,0
/group/project/ultrax2020/UltraSuite/core-uxtd/core/30F,082D,D,uxtd,30F,Single,0.50272,1.35,unseen_speaker,847.2800000000002,0
/group/project/ultrax2020/UltraSuite/core-uxtd/core/30F,083D,D,uxtd,30F,Single,0.50159,0.945,unseen_speaker,443.40999999999997,0
/group/project/ultrax2020/UltraSuite/core-uxtd/core/30F,084D,D,uxtd,30F,Single,0.5019,1.71,unseen_speaker,1208.1,0
/group/project/ultrax2020/UltraSuite/core-uxtd/core/30F,085D,D,uxtd,30F,Single,0.50122,1.71,unseen_speaker,1208.78,0
/group/project/ultrax2020/UltraSuite/core-uxtd/core/30F,086D,D,uxtd,30F,Single,0.5010899999999999,1.755,unseen_speaker,1253.9099999999999,0
/group/project/ultrax2020/UltraSuite/core-uxtd/core/30F,087D,D,uxtd,30F,Single,0.5038100000000001,0.405,unseen_speaker,-98.81000000000006,1
/group/project/ultrax2020/UltraSuite/core-uxtd/core/30F,088D,D,uxtd,30F,Single,0.49782,0.45,unseen_speaker,-47.81999999999997,1
/group/project/ultrax2020/UltraSuite/core-uxtd/core/30F,089D,D,uxtd,30F,Single,0.49633,0.27,unseen_speaker,-226.32999999999998,0
/group/project/ultrax2020/UltraSuite/core-uxtd/core/30F,090D,D,uxtd,30F,Single,0.49628,0.495,unseen_speaker,-1.2800000000000034,1
/group/project/ultrax2020/UltraSuite/core-uxtd/core/30F,091D,D,uxtd,30F,Single,0.4976,0.405,unseen_speaker,-92.59999999999997,1
/group/project/ultrax2020/UltraSuite/core-uxtd/core/30F,092D,D,uxtd,30F,Single,0.49995,0.495,unseen_speaker,-4.95000000000001,1
/group/project/ultrax2020/UltraSuite/core-uxtd/core/30F,093D,D,uxtd,30F,Single,0.50254,1.755,unseen_speaker,1252.4599999999998,0
/group/project/ultrax2020/UltraSuite/core-uxtd/core/30F,094D,D,uxtd,30F,Single,0.49891,0.54,unseen_speaker,41.09000000000002,1
/group/project/ultrax2020/UltraSuite/core-uxtd/core/30F,095D,D,uxtd,30F,Single,0.50122,0.18,unseen_speaker,-321.22,0
/group/project/ultrax2020/UltraSuite/core-uxtd/core/30F,096D,D,uxtd,30F,Single,0.5008600000000001,0.765,unseen_speaker,264.13999999999993,0
/group/project/ultrax2020/UltraSuite/core-uxtd/core/30F,097D,D,uxtd,30F,Single,0.49878,0.54,unseen_speaker,41.220000000000034,1
/group/project/ultrax2020/UltraSuite/core-uxtd/core/30F,098D,D,uxtd,30F,Single,0.49991,0.405,unseen_speaker,-94.91,1
/group/project/ultrax2020/UltraSuite/core-uxtd/core/30F,099D,D,uxtd,30F,Single,0.4923399999999999,0.0,unseen_speaker,-492.33999999999986,0
/group/project/ultrax2020/UltraSuite/core-uxtd/core/30F,100D,D,uxtd,30F,Single,0.5005,0.27,unseen_speaker,-230.49999999999991,0
/group/project/ultrax2020/UltraSuite/core-uxtd/core/30F,101D,D,uxtd,30F,Single,0.49923,1.755,unseen_speaker,1255.7699999999998,0
/group/project/ultrax2020/UltraSuite/core-uxtd/core/30F,102D,D,uxtd,30F,Single,0.50059,0.585,unseen_speaker,84.40999999999998,0
/group/project/ultrax2020/UltraSuite/core-uxtd/core/30F,103D,D,uxtd,30F,Single,0.4907899999999999,0.495,unseen_speaker,4.210000000000102,1
/group/project/ultrax2020/UltraSuite/core-uxtd/core/30F,104D,D,uxtd,30F,Single,0.50145,0.54,unseen_speaker,38.55000000000008,1
/group/project/ultrax2020/UltraSuite/core-uxtd/core/30F,105D,D,uxtd,30F,Single,0.4915600000000001,1.215,unseen_speaker,723.4399999999999,0
/group/project/ultrax2020/UltraSuite/core-uxtd/core/30F,106D,D,uxtd,30F,Single,0.5021800000000001,0.585,unseen_speaker,82.8199999999999,0
/group/project/ultrax2020/UltraSuite/core-uxtd/core/30F,107D,D,uxtd,30F,Single,0.50141,1.755,unseen_speaker,1253.59,0
/group/project/ultrax2020/UltraSuite/core-uxtd/core/30F,108D,D,uxtd,30F,Single,0.4895199999999999,0.72,unseen_speaker,230.48000000000008,0
/group/project/ultrax2020/UltraSuite/core-uxtd/core/30F,109D,D,uxtd,30F,Single,0.49927,1.26,unseen_speaker,760.73,0
/group/project/ultrax2020/UltraSuite/core-uxtd/core/30F,110D,D,uxtd,30F,Single,0.4915199999999999,1.26,unseen_speaker,768.48,0
/group/project/ultrax2020/UltraSuite/core-uxtd/core/30F,111D,D,uxtd,30F,Single,0.49782,0.585,unseen_speaker,87.17999999999998,0
/group/project/ultrax2020/UltraSuite/core-uxtd/core/30F,112D,D,uxtd,30F,Single,0.4946899999999999,0.27,unseen_speaker,-224.68999999999988,0
/group/project/ultrax2020/UltraSuite/core-uxtd/core/30F,113D,D,uxtd,30F,Single,0.49986,0.27,unseen_speaker,-229.86,0
/group/project/ultrax2020/UltraSuite/core-uxtd/core/30F,114D,D,uxtd,30F,Single,0.501,1.26,unseen_speaker,759.0,0
/group/project/ultrax2020/UltraSuite/core-uxtd/core/38M,001A,A,uxtd,38M,Single,0.4788199999999999,0.45,unseen_speaker,-28.8199999999999,1
/group/project/ultrax2020/UltraSuite/core-uxtd/core/38M,002A,A,uxtd,38M,Single,0.48943,0.495,unseen_speaker,5.57000000000002,1
/group/project/ultrax2020/UltraSuite/core-uxtd/core/38M,003A,A,uxtd,38M,Single,0.48925,0.45,unseen_speaker,-39.25000000000001,1
/group/project/ultrax2020/UltraSuite/core-uxtd/core/38M,004A,A,uxtd,38M,Single,0.5029,0.54,unseen_speaker,37.10000000000002,1
/group/project/ultrax2020/UltraSuite/core-uxtd/core/38M,005A,A,uxtd,38M,Single,0.50295,0.495,unseen_speaker,-7.950000000000013,1
/group/project/ultrax2020/UltraSuite/core-uxtd/core/38M,006A,A,uxtd,38M,Single,0.5028100000000001,0.495,unseen_speaker,-7.810000000000095,1
/group/project/ultrax2020/UltraSuite/core-uxtd/core/38M,008A,A,uxtd,38M,Single,0.49646,0.495,unseen_speaker,-1.4600000000000168,1
/group/project/ultrax2020/UltraSuite/core-uxtd/core/38M,009A,A,uxtd,38M,Single,0.50272,0.495,unseen_speaker,-7.719999999999949,1
/group/project/ultrax2020/UltraSuite/core-uxtd/core/38M,010A,A,uxtd,38M,Single,0.4895199999999999,0.495,unseen_speaker,5.480000000000096,1
/group/project/ultrax2020/UltraSuite/core-uxtd/core/38M,011A,A,uxtd,38M,Single,0.48875,0.495,unseen_speaker,6.249999999999978,1
/group/project/ultrax2020/UltraSuite/core-uxtd/core/38M,012A,A,uxtd,38M,Single,0.48853,0.495,unseen_speaker,6.469999999999976,1
/group/project/ultrax2020/UltraSuite/core-uxtd/core/38M,013A,A,uxtd,38M,Single,0.48853,0.495,unseen_speaker,6.469999999999976,1
/group/project/ultrax2020/UltraSuite/core-uxtd/core/38M,015D,D,uxtd,38M,Single,0.5007699999999999,0.495,unseen_speaker,-5.769999999999942,1
/group/project/ultrax2020/UltraSuite/core-uxtd/core/38M,016D,D,uxtd,38M,Single,0.48853,0.495,unseen_speaker,6.469999999999976,1
/group/project/ultrax2020/UltraSuite/core-uxtd/core/38M,017D,D,uxtd,38M,Single,0.4898,0.495,unseen_speaker,5.199999999999982,1
/group/project/ultrax2020/UltraSuite/core-uxtd/core/38M,018D,D,uxtd,38M,Single,0.50327,0.54,unseen_speaker,36.73000000000004,1
/group/project/ultrax2020/UltraSuite/core-uxtd/core/38M,019D,D,uxtd,38M,Single,0.4898399999999999,0.495,unseen_speaker,5.1600000000001085,1
/group/project/ultrax2020/UltraSuite/core-uxtd/core/38M,020D,D,uxtd,38M,Single,0.48798,0.495,unseen_speaker,7.019999999999971,1
/group/project/ultrax2020/UltraSuite/core-uxtd/core/38M,021D,D,uxtd,38M,Single,0.5028100000000001,0.495,unseen_speaker,-7.810000000000095,1
/group/project/ultrax2020/UltraSuite/core-uxtd/core/38M,022D,D,uxtd,38M,Single,0.49941,0.18,unseen_speaker,-319.41,0
/group/project/ultrax2020/UltraSuite/core-uxtd/core/38M,023D,D,uxtd,38M,Single,0.50259,0.54,unseen_speaker,37.41000000000005,1
/group/project/ultrax2020/UltraSuite/core-uxtd/core/38M,024D,D,uxtd,38M,Single,0.50295,1.71,unseen_speaker,1207.05,0
/group/project/ultrax2020/UltraSuite/core-uxtd/core/38M,025D,D,uxtd,38M,Single,0.50254,0.72,unseen_speaker,217.45999999999998,0
/group/project/ultrax2020/UltraSuite/core-uxtd/core/38M,026D,D,uxtd,38M,Single,0.48825,0.99,unseen_speaker,501.74999999999994,0
/group/project/ultrax2020/UltraSuite/core-uxtd/core/38M,027D,D,uxtd,38M,Single,0.50222,0.495,unseen_speaker,-7.220000000000004,1
/group/project/ultrax2020/UltraSuite/core-uxtd/core/38M,028D,D,uxtd,38M,Single,0.4959199999999999,0.36,unseen_speaker,-135.91999999999993,0
/group/project/ultrax2020/UltraSuite/core-uxtd/core/38M,029D,D,uxtd,38M,Single,0.48857,0.54,unseen_speaker,51.43000000000003,0
/group/project/ultrax2020/UltraSuite/core-uxtd/core/38M,030D,D,uxtd,38M,Single,0.4935600000000001,0.45,unseen_speaker,-43.5600000000001,1
/group/project/ultrax2020/UltraSuite/core-uxtd/core/38M,031D,D,uxtd,38M,Single,0.48794,0.45,unseen_speaker,-37.939999999999976,1
/group/project/ultrax2020/UltraSuite/core-uxtd/core/38M,032D,D,uxtd,38M,Single,0.48753,0.45,unseen_speaker,-37.53000000000001,1
/group/project/ultrax2020/UltraSuite/core-uxtd/core/38M,033D,D,uxtd,38M,Single,0.49007,0.495,unseen_speaker,4.92999999999999,1
/group/project/ultrax2020/UltraSuite/core-uxtd/core/38M,034D,D,uxtd,38M,Single,0.4890199999999999,0.495,unseen_speaker,5.980000000000096,1
/group/project/ultrax2020/UltraSuite/core-uxtd/core/38M,035D,D,uxtd,38M,Single,0.48671,0.45,unseen_speaker,-36.709999999999965,1
/group/project/ultrax2020/UltraSuite/core-uxtd/core/38M,036D,D,uxtd,38M,Single,0.48517,0.36,unseen_speaker,-125.17,0
/group/project/ultrax2020/UltraSuite/core-uxtd/core/38M,037D,D,uxtd,38M,Single,0.498,0.45,unseen_speaker,-47.999999999999986,1
/group/project/ultrax2020/UltraSuite/core-uxtd/core/38M,038D,D,uxtd,38M,Single,0.4854,0.495,unseen_speaker,9.599999999999998,1
/group/project/ultrax2020/UltraSuite/core-uxtd/core/38M,039D,D,uxtd,38M,Single,0.4896100000000001,0.495,unseen_speaker,5.389999999999895,1
/group/project/ultrax2020/UltraSuite/core-uxtd/core/38M,040D,D,uxtd,38M,Single,0.49116,0.495,unseen_speaker,3.84000000000001,1
/group/project/ultrax2020/UltraSuite/core-uxtd/core/38M,041D,D,uxtd,38M,Single,0.48508,0.54,unseen_speaker,54.92000000000002,0
/group/project/ultrax2020/UltraSuite/core-uxtd/core/38M,042D,D,uxtd,38M,Single,0.4936100000000001,0.495,unseen_speaker,1.3899999999998913,1
/group/project/ultrax2020/UltraSuite/core-uxtd/core/38M,043D,D,uxtd,38M,Single,0.48649,0.495,unseen_speaker,8.510000000000018,1
/group/project/ultrax2020/UltraSuite/core-uxtd/core/38M,044D,D,uxtd,38M,Single,0.49642,0.0,unseen_speaker,-496.41999999999996,0
/group/project/ultrax2020/UltraSuite/core-uxtd/core/38M,045D,D,uxtd,38M,Single,0.4929699999999999,0.45,unseen_speaker,-42.9699999999999,1
/group/project/ultrax2020/UltraSuite/core-uxtd/core/38M,046D,D,uxtd,38M,Single,0.4966,0.45,unseen_speaker,-46.59999999999997,1
/group/project/ultrax2020/UltraSuite/core-uxtd/core/38M,047D,D,uxtd,38M,Single,0.4942899999999999,0.495,unseen_speaker,0.7100000000000994,1
/group/project/ultrax2020/UltraSuite/core-uxtd/core/38M,048D,D,uxtd,38M,Single,0.4961,0.36,unseen_speaker,-136.1,0
/group/project/ultrax2020/UltraSuite/core-uxtd/core/38M,049D,D,uxtd,38M,Single,0.4911100000000001,0.18,unseen_speaker,-311.1100000000001,0
/group/project/ultrax2020/UltraSuite/core-uxtd/core/38M,050D,D,uxtd,38M,Single,0.49383,0.45,unseen_speaker,-43.82999999999998,1
/group/project/ultrax2020/UltraSuite/core-uxtd/core/38M,051D,D,uxtd,38M,Single,0.4915199999999999,0.99,unseen_speaker,498.4800000000001,0
/group/project/ultrax2020/UltraSuite/core-uxtd/core/38M,052D,D,uxtd,38M,Single,0.4941,0.45,unseen_speaker,-44.09999999999997,1
/group/project/ultrax2020/UltraSuite/core-uxtd/core/43F,001A,A,uxtd,43F,Single,0.47995,0.495,unseen_speaker,15.050000000000008,1
/group/project/ultrax2020/UltraSuite/core-uxtd/core/43F,002A,A,uxtd,43F,Single,0.48658,0.495,unseen_speaker,8.419999999999984,1
/group/project/ultrax2020/UltraSuite/core-uxtd/core/43F,003A,A,uxtd,43F,Single,0.48825,0.495,unseen_speaker,6.749999999999979,1
/group/project/ultrax2020/UltraSuite/core-uxtd/core/43F,004A,A,uxtd,43F,Single,0.4878,0.45,unseen_speaker,-37.8,1
/group/project/ultrax2020/UltraSuite/core-uxtd/core/43F,005A,A,uxtd,43F,Single,0.48803,0.45,unseen_speaker,-38.03000000000001,1
/group/project/ultrax2020/UltraSuite/core-uxtd/core/43F,006A,A,uxtd,43F,Single,0.48544,0.45,unseen_speaker,-35.43999999999997,1
/group/project/ultrax2020/UltraSuite/core-uxtd/core/43F,008A,A,uxtd,43F,Single,0.48957,0.45,unseen_speaker,-39.56999999999999,1
/group/project/ultrax2020/UltraSuite/core-uxtd/core/43F,009A,A,uxtd,43F,Single,0.48639,0.495,unseen_speaker,8.610000000000007,1
/group/project/ultrax2020/UltraSuite/core-uxtd/core/43F,010A,A,uxtd,43F,Single,0.48898,0.495,unseen_speaker,6.019999999999969,1
/group/project/ultrax2020/UltraSuite/core-uxtd/core/43F,011A,A,uxtd,43F,Single,0.48853,0.54,unseen_speaker,51.47000000000001,0
/group/project/ultrax2020/UltraSuite/core-uxtd/core/43F,012A,A,uxtd,43F,Single,0.4890199999999999,0.495,unseen_speaker,5.980000000000096,1
/group/project/ultrax2020/UltraSuite/core-uxtd/core/43F,013A,A,uxtd,43F,Single,0.48644,0.495,unseen_speaker,8.560000000000013,1
/group/project/ultrax2020/UltraSuite/core-uxtd/core/43F,015D,D,uxtd,43F,Single,0.48231,0.45,unseen_speaker,-32.31,1
/group/project/ultrax2020/UltraSuite/core-uxtd/core/43F,016D,D,uxtd,43F,Single,0.48694,0.45,unseen_speaker,-36.93999999999997,1
/group/project/ultrax2020/UltraSuite/core-uxtd/core/43F,017D,D,uxtd,43F,Single,0.48576,0.405,unseen_speaker,-80.76,1
/group/project/ultrax2020/UltraSuite/core-uxtd/core/43F,018D,D,uxtd,43F,Single,0.48562,0.45,unseen_speaker,-35.61999999999998,1
/group/project/ultrax2020/UltraSuite/core-uxtd/core/43F,019D,D,uxtd,43F,Single,0.48698,0.0,unseen_speaker,-486.98,0
/group/project/ultrax2020/UltraSuite/core-uxtd/core/43F,020D,D,uxtd,43F,Single,0.48517,0.405,unseen_speaker,-80.16999999999996,1
/group/project/ultrax2020/UltraSuite/core-uxtd/core/43F,021D,D,uxtd,43F,Single,0.47927,0.495,unseen_speaker,15.730000000000022,1
/group/project/ultrax2020/UltraSuite/core-uxtd/core/43F,022D,D,uxtd,43F,Single,0.48522,0.45,unseen_speaker,-35.21999999999997,1
/group/project/ultrax2020/UltraSuite/core-uxtd/core/43F,023D,D,uxtd,43F,Single,0.48494,1.665,unseen_speaker,1180.0600000000002,0
/group/project/ultrax2020/UltraSuite/core-uxtd/core/43F,024D,D,uxtd,43F,Single,0.48463,0.45,unseen_speaker,-34.629999999999995,1
/group/project/ultrax2020/UltraSuite/core-uxtd/core/43F,025D,D,uxtd,43F,Single,0.48422,1.395,unseen_speaker,910.7800000000001,0
/group/project/ultrax2020/UltraSuite/core-uxtd/core/43F,026D,D,uxtd,43F,Single,0.48499,1.35,unseen_speaker,865.0100000000001,0
/group/project/ultrax2020/UltraSuite/core-uxtd/core/43F,027D,D,uxtd,43F,Single,0.4924699999999999,0.0,unseen_speaker,-492.4699999999999,0
/group/project/ultrax2020/UltraSuite/core-uxtd/core/43F,028D,D,uxtd,43F,Single,0.47905,0.54,unseen_speaker,60.95000000000006,0
/group/project/ultrax2020/UltraSuite/core-uxtd/core/43F,029D,D,uxtd,43F,Single,0.4808199999999999,0.495,unseen_speaker,14.180000000000081,1
/group/project/ultrax2020/UltraSuite/core-uxtd/core/43F,030D,D,uxtd,43F,Single,0.48472,0.495,unseen_speaker,10.280000000000012,1
/group/project/ultrax2020/UltraSuite/core-uxtd/core/43F,031D,D,uxtd,43F,Single,0.48381,0.495,unseen_speaker,11.189999999999978,1
/group/project/ultrax2020/UltraSuite/core-uxtd/core/43F,032D,D,uxtd,43F,Single,0.481,0.495,unseen_speaker,14.000000000000012,1
/group/project/ultrax2020/UltraSuite/core-uxtd/core/43F,033D,D,uxtd,43F,Single,0.4957399999999999,0.54,unseen_speaker,44.26000000000013,1
/group/project/ultrax2020/UltraSuite/core-uxtd/core/43F,034D,D,uxtd,43F,Single,0.4939699999999999,0.45,unseen_speaker,-43.9699999999999,1
/group/project/ultrax2020/UltraSuite/core-uxtd/core/43F,035D,D,uxtd,43F,Single,0.4985,0.315,unseen_speaker,-183.5,0
/group/project/ultrax2020/UltraSuite/core-uxtd/core/43F,036D,D,uxtd,43F,Single,0.47705,0.54,unseen_speaker,62.95000000000006,0
/group/project/ultrax2020/UltraSuite/core-uxtd/core/43F,037D,D,uxtd,43F,Single,0.4925600000000001,0.495,unseen_speaker,2.4399999999998867,1
/group/project/ultrax2020/UltraSuite/core-uxtd/core/43F,038D,D,uxtd,43F,Single,0.4920199999999999,0.495,unseen_speaker,2.9800000000000937,1
/group/project/ultrax2020/UltraSuite/core-uxtd/core/43F,039D,D,uxtd,43F,Single,0.48753,0.54,unseen_speaker,52.47000000000001,0
/group/project/ultrax2020/UltraSuite/core-uxtd/core/43F,040D,D,uxtd,43F,Single,0.4779600000000001,0.495,unseen_speaker,17.03999999999989,1
/group/project/ultrax2020/UltraSuite/core-uxtd/core/43F,041D,D,uxtd,43F,Single,0.48281,0.495,unseen_speaker,12.189999999999978,1
/group/project/ultrax2020/UltraSuite/core-uxtd/core/43F,042D,D,uxtd,43F,Single,0.50122,0.54,unseen_speaker,38.78000000000004,1
/group/project/ultrax2020/UltraSuite/core-uxtd/core/43F,043D,D,uxtd,43F,Single,0.48898,0.495,unseen_speaker,6.019999999999969,1
/group/project/ultrax2020/UltraSuite/core-uxtd/core/43F,044D,D,uxtd,43F,Single,0.4788699999999999,0.54,unseen_speaker,61.13000000000013,0
/group/project/ultrax2020/UltraSuite/core-uxtd/core/43F,045D,D,uxtd,43F,Single,0.4917899999999999,1.71,unseen_speaker,1218.21,0
/group/project/ultrax2020/UltraSuite/core-uxtd/core/43F,046D,D,uxtd,43F,Single,0.47683,0.54,unseen_speaker,63.17000000000006,0
/group/project/ultrax2020/UltraSuite/core-uxtd/core/43F,047D,D,uxtd,43F,Single,0.4929699999999999,1.35,unseen_speaker,857.0300000000002,0
/group/project/ultrax2020/UltraSuite/core-uxtd/core/43F,048D,D,uxtd,43F,Single,0.4932899999999999,0.585,unseen_speaker,91.71000000000006,0
/group/project/ultrax2020/UltraSuite/core-uxtd/core/43F,049D,D,uxtd,43F,Single,0.48698,1.26,unseen_speaker,773.0200000000001,0
/group/project/ultrax2020/UltraSuite/core-uxtd/core/43F,050D,D,uxtd,43F,Single,0.4766399999999999,0.405,unseen_speaker,-71.63999999999987,1
/group/project/ultrax2020/UltraSuite/core-uxtd/core/45M,001A,A,uxtd,45M,Single,0.48825,0.495,unseen_speaker,6.749999999999979,1
/group/project/ultrax2020/UltraSuite/core-uxtd/core/45M,002A,A,uxtd,45M,Single,0.48848,0.495,unseen_speaker,6.51999999999997,1
/group/project/ultrax2020/UltraSuite/core-uxtd/core/45M,003A,A,uxtd,45M,Single,0.48748,0.495,unseen_speaker,7.519999999999971,1
/group/project/ultrax2020/UltraSuite/core-uxtd/core/45M,004A,A,uxtd,45M,Single,0.48748,0.495,unseen_speaker,7.519999999999971,1
/group/project/ultrax2020/UltraSuite/core-uxtd/core/45M,005A,A,uxtd,45M,Single,0.48898,0.495,unseen_speaker,6.019999999999969,1
/group/project/ultrax2020/UltraSuite/core-uxtd/core/45M,006A,A,uxtd,45M,Single,0.48753,0.45,unseen_speaker,-37.53000000000001,1
/group/project/ultrax2020/UltraSuite/core-uxtd/core/45M,008A,A,uxtd,45M,Single,0.49859,0.495,unseen_speaker,-3.589999999999982,1
/group/project/ultrax2020/UltraSuite/core-uxtd/core/45M,009A,A,uxtd,45M,Single,0.50145,0.495,unseen_speaker,-6.449999999999956,1
/group/project/ultrax2020/UltraSuite/core-uxtd/core/45M,010A,A,uxtd,45M,Single,0.4873,0.45,unseen_speaker,-37.3,1
/group/project/ultrax2020/UltraSuite/core-uxtd/core/45M,011A,A,uxtd,45M,Single,0.48762,0.45,unseen_speaker,-37.61999999999999,1
/group/project/ultrax2020/UltraSuite/core-uxtd/core/45M,012A,A,uxtd,45M,Single,0.48794,0.45,unseen_speaker,-37.939999999999976,1
/group/project/ultrax2020/UltraSuite/core-uxtd/core/45M,013A,A,uxtd,45M,Single,0.50245,0.45,unseen_speaker,-52.44999999999994,1
/group/project/ultrax2020/UltraSuite/core-uxtd/core/45M,015D,D,uxtd,45M,Single,0.5017199999999999,0.495,unseen_speaker,-6.719999999999948,1
/group/project/ultrax2020/UltraSuite/core-uxtd/core/45M,016D,D,uxtd,45M,Single,0.4893899999999999,0.45,unseen_speaker,-39.38999999999987,1
/group/project/ultrax2020/UltraSuite/core-uxtd/core/45M,017D,D,uxtd,45M,Single,0.4896100000000001,0.45,unseen_speaker,-39.61000000000009,1
/group/project/ultrax2020/UltraSuite/core-uxtd/core/45M,018D,D,uxtd,45M,Single,0.48916,0.405,unseen_speaker,-84.15999999999995,1
/group/project/ultrax2020/UltraSuite/core-uxtd/core/45M,019D,D,uxtd,45M,Single,0.48848,0.405,unseen_speaker,-83.48,1
/group/project/ultrax2020/UltraSuite/core-uxtd/core/45M,020D,D,uxtd,45M,Single,0.48853,0.45,unseen_speaker,-38.53000000000001,1
/group/project/ultrax2020/UltraSuite/core-uxtd/core/45M,021D,D,uxtd,45M,Single,0.48889,0.27,unseen_speaker,-218.89,0
/group/project/ultrax2020/UltraSuite/core-uxtd/core/45M,022D,D,uxtd,45M,Single,0.4888,1.71,unseen_speaker,1221.2,0
/group/project/ultrax2020/UltraSuite/core-uxtd/core/45M,023D,D,uxtd,45M,Single,0.48821,0.585,unseen_speaker,96.78999999999999,0
/group/project/ultrax2020/UltraSuite/core-uxtd/core/45M,024D,D,uxtd,45M,Single,0.48766,0.315,unseen_speaker,-172.65999999999997,0
/group/project/ultrax2020/UltraSuite/core-uxtd/core/45M,025D,D,uxtd,45M,Single,0.50041,0.495,unseen_speaker,-5.410000000000026,1
/group/project/ultrax2020/UltraSuite/core-uxtd/core/45M,026D,D,uxtd,45M,Single,0.48653,0.495,unseen_speaker,8.469999999999978,1
/group/project/ultrax2020/UltraSuite/core-uxtd/core/45M,027D,D,uxtd,45M,Single,0.4921100000000001,0.495,unseen_speaker,2.8899999999998927,1
/group/project/ultrax2020/UltraSuite/core-uxtd/core/45M,028D,D,uxtd,45M,Single,0.4981399999999999,0.495,unseen_speaker,-3.1399999999999206,1
/group/project/ultrax2020/UltraSuite/core-uxtd/core/45M,029D,D,uxtd,45M,Single,0.48612,0.405,unseen_speaker,-81.11999999999998,1
/group/project/ultrax2020/UltraSuite/core-uxtd/core/45M,030D,D,uxtd,45M,Single,0.48671,0.45,unseen_speaker,-36.709999999999965,1
/group/project/ultrax2020/UltraSuite/core-uxtd/core/45M,031D,D,uxtd,45M,Single,0.49683,0.495,unseen_speaker,-1.8299999999999983,1
/group/project/ultrax2020/UltraSuite/core-uxtd/core/45M,032D,D,uxtd,45M,Single,0.4941,0.495,unseen_speaker,0.9000000000000119,1
/group/project/ultrax2020/UltraSuite/core-uxtd/core/45M,033D,D,uxtd,45M,Single,0.4932899999999999,0.54,unseen_speaker,46.71000000000014,0
/group/project/ultrax2020/UltraSuite/core-uxtd/core/45M,034D,D,uxtd,45M,Single,0.49587,0.45,unseen_speaker,-45.86999999999997,1
/group/project/ultrax2020/UltraSuite/core-uxtd/core/45M,035D,D,uxtd,45M,Single,0.48712,0.495,unseen_speaker,7.879999999999998,1
/group/project/ultrax2020/UltraSuite/core-uxtd/core/45M,036D,D,uxtd,45M,Single,0.4873,0.45,unseen_speaker,-37.3,1
/group/project/ultrax2020/UltraSuite/core-uxtd/core/45M,037D,D,uxtd,45M,Single,0.49615,0.36,unseen_speaker,-136.15,0
/group/project/ultrax2020/UltraSuite/core-uxtd/core/45M,038D,D,uxtd,45M,Single,0.49959,0.45,unseen_speaker,-49.58999999999997,1
/group/project/ultrax2020/UltraSuite/core-uxtd/core/45M,039D,D,uxtd,45M,Single,0.4945600000000001,0.495,unseen_speaker,0.4399999999998849,1
/group/project/ultrax2020/UltraSuite/core-uxtd/core/45M,040D,D,uxtd,45M,Single,0.49896,0.495,unseen_speaker,-3.960000000000019,1
/group/project/ultrax2020/UltraSuite/core-uxtd/core/45M,041D,D,uxtd,45M,Single,0.4911100000000001,0.405,unseen_speaker,-86.11000000000007,1
/group/project/ultrax2020/UltraSuite/core-uxtd/core/45M,042D,D,uxtd,45M,Single,0.49982,0.405,unseen_speaker,-94.81999999999996,1
/group/project/ultrax2020/UltraSuite/core-uxtd/core/45M,043D,D,uxtd,45M,Single,0.49737,0.405,unseen_speaker,-92.36999999999995,1
/group/project/ultrax2020/UltraSuite/core-uxtd/core/45M,044D,D,uxtd,45M,Single,0.48639,0.45,unseen_speaker,-36.38999999999998,1
/group/project/ultrax2020/UltraSuite/core-uxtd/core/45M,045D,D,uxtd,45M,Single,0.49637,0.315,unseen_speaker,-181.36999999999998,0
/group/project/ultrax2020/UltraSuite/core-uxtd/core/45M,046D,D,uxtd,45M,Single,0.48912,0.54,unseen_speaker,50.88000000000004,0
/group/project/ultrax2020/UltraSuite/core-uxtd/core/45M,047D,D,uxtd,45M,Single,0.49891,0.405,unseen_speaker,-93.91,1
/group/project/ultrax2020/UltraSuite/core-uxtd/core/45M,048D,D,uxtd,45M,Single,0.49887,0.405,unseen_speaker,-93.86999999999995,1
/group/project/ultrax2020/UltraSuite/core-uxtd/core/45M,049D,D,uxtd,45M,Single,0.49215,0.495,unseen_speaker,2.850000000000019,1
/group/project/ultrax2020/UltraSuite/core-uxtd/core/45M,050D,D,uxtd,45M,Single,0.49887,1.26,unseen_speaker,761.1300000000001,0
/group/project/ultrax2020/UltraSuite/core-uxtd/core/47M,001A,A,uxtd,47M,Single,0.4820399999999999,0.495,unseen_speaker,12.960000000000083,1
/group/project/ultrax2020/UltraSuite/core-uxtd/core/47M,002A,A,uxtd,47M,Single,0.48776,0.495,unseen_speaker,7.239999999999968,1
/group/project/ultrax2020/UltraSuite/core-uxtd/core/47M,003A,A,uxtd,47M,Single,0.48762,0.495,unseen_speaker,7.379999999999997,1
/group/project/ultrax2020/UltraSuite/core-uxtd/core/47M,004A,A,uxtd,47M,Single,0.48435,0.495,unseen_speaker,10.649999999999993,1
/group/project/ultrax2020/UltraSuite/core-uxtd/core/47M,005A,A,uxtd,47M,Single,0.48612,0.495,unseen_speaker,8.879999999999999,1
/group/project/ultrax2020/UltraSuite/core-uxtd/core/47M,006A,A,uxtd,47M,Single,0.48644,0.495,unseen_speaker,8.560000000000013,1
/group/project/ultrax2020/UltraSuite/core-uxtd/core/47M,008A,A,uxtd,47M,Single,0.48853,0.495,unseen_speaker,6.469999999999976,1
/group/project/ultrax2020/UltraSuite/core-uxtd/core/47M,009A,A,uxtd,47M,Single,0.48508,0.45,unseen_speaker,-35.08,1
/group/project/ultrax2020/UltraSuite/core-uxtd/core/47M,010A,A,uxtd,47M,Single,0.48499,0.495,unseen_speaker,10.01000000000002,1
/group/project/ultrax2020/UltraSuite/core-uxtd/core/47M,011A,A,uxtd,47M,Single,0.48599,0.495,unseen_speaker,9.010000000000018,1
/group/project/ultrax2020/UltraSuite/core-uxtd/core/47M,012A,A,uxtd,47M,Single,0.48608,0.495,unseen_speaker,8.919999999999984,1
/group/project/ultrax2020/UltraSuite/core-uxtd/core/47M,013A,A,uxtd,47M,Single,0.48277,0.45,unseen_speaker,-32.76999999999997,1
/group/project/ultrax2020/UltraSuite/core-uxtd/core/47M,015D,D,uxtd,47M,Single,0.48036,0.495,unseen_speaker,14.639999999999986,1
/group/project/ultrax2020/UltraSuite/core-uxtd/core/47M,016D,D,uxtd,47M,Single,0.48494,0.495,unseen_speaker,10.060000000000013,1
/group/project/ultrax2020/UltraSuite/core-uxtd/core/47M,017D,D,uxtd,47M,Single,0.48236,0.495,unseen_speaker,12.639999999999985,1
/group/project/ultrax2020/UltraSuite/core-uxtd/core/47M,018D,D,uxtd,47M,Single,0.48417,0.495,unseen_speaker,10.830000000000005,1
/group/project/ultrax2020/UltraSuite/core-uxtd/core/47M,019D,D,uxtd,47M,Single,0.48408,0.36,unseen_speaker,-124.08000000000003,1
/group/project/ultrax2020/UltraSuite/core-uxtd/core/47M,020D,D,uxtd,47M,Single,0.48399,0.45,unseen_speaker,-33.98999999999997,1
/group/project/ultrax2020/UltraSuite/core-uxtd/core/47M,021D,D,uxtd,47M,Single,0.4944699999999999,0.405,unseen_speaker,-89.46999999999989,1
/group/project/ultrax2020/UltraSuite/core-uxtd/core/47M,022D,D,uxtd,47M,Single,0.48236,0.405,unseen_speaker,-77.35999999999999,1
/group/project/ultrax2020/UltraSuite/core-uxtd/core/47M,023D,D,uxtd,47M,Single,0.48277,0.45,unseen_speaker,-32.76999999999997,1
/group/project/ultrax2020/UltraSuite/core-uxtd/core/47M,024D,D,uxtd,47M,Single,0.48372,0.81,unseen_speaker,326.2800000000001,0
/group/project/ultrax2020/UltraSuite/core-uxtd/core/47M,025D,D,uxtd,47M,Single,0.4939199999999999,0.405,unseen_speaker,-88.91999999999989,1
/group/project/ultrax2020/UltraSuite/core-uxtd/core/47M,026D,D,uxtd,47M,Single,0.48286,0.945,unseen_speaker,462.13999999999993,0
/group/project/ultrax2020/UltraSuite/core-uxtd/core/47M,027D,D,uxtd,47M,Single,0.48757,0.18,unseen_speaker,-307.57,0
/group/project/ultrax2020/UltraSuite/core-uxtd/core/47M,028D,D,uxtd,47M,Single,0.4805,0.495,unseen_speaker,14.500000000000012,1
/group/project/ultrax2020/UltraSuite/core-uxtd/core/47M,029D,D,uxtd,47M,Single,0.48726,0.45,unseen_speaker,-37.26000000000001,1
/group/project/ultrax2020/UltraSuite/core-uxtd/core/47M,030D,D,uxtd,47M,Single,0.48227,0.45,unseen_speaker,-32.26999999999997,1
/group/project/ultrax2020/UltraSuite/core-uxtd/core/47M,031D,D,uxtd,47M,Single,0.48866,0.405,unseen_speaker,-83.65999999999995,1
/group/project/ultrax2020/UltraSuite/core-uxtd/core/47M,032D,D,uxtd,47M,Single,0.4935600000000001,0.495,unseen_speaker,1.4399999999998858,1
/group/project/ultrax2020/UltraSuite/core-uxtd/core/47M,033D,D,uxtd,47M,Single,0.48467,0.495,unseen_speaker,10.330000000000005,1
/group/project/ultrax2020/UltraSuite/core-uxtd/core/47M,034D,D,uxtd,47M,Single,0.48762,0.405,unseen_speaker,-82.61999999999998,1
/group/project/ultrax2020/UltraSuite/core-uxtd/core/47M,035D,D,uxtd,47M,Single,0.48825,0.405,unseen_speaker,-83.24999999999999,1
/group/project/ultrax2020/UltraSuite/core-uxtd/core/47M,036D,D,uxtd,47M,Single,0.48943,0.36,unseen_speaker,-129.42999999999998,0
/group/project/ultrax2020/UltraSuite/core-uxtd/core/47M,037D,D,uxtd,47M,Single,0.47823,0.495,unseen_speaker,16.770000000000007,1
/group/project/ultrax2020/UltraSuite/core-uxtd/core/47M,038D,D,uxtd,47M,Single,0.48431,0.45,unseen_speaker,-34.31000000000001,1
/group/project/ultrax2020/UltraSuite/core-uxtd/core/47M,039D,D,uxtd,47M,Single,0.48921,0.54,unseen_speaker,50.790000000000056,0
/group/project/ultrax2020/UltraSuite/core-uxtd/core/47M,040D,D,uxtd,47M,Single,0.48898,0.495,unseen_speaker,6.019999999999969,1
/group/project/ultrax2020/UltraSuite/core-uxtd/core/47M,041D,D,uxtd,47M,Single,0.4795899999999999,0.495,unseen_speaker,15.41000000000009,1
/group/project/ultrax2020/UltraSuite/core-uxtd/core/47M,042D,D,uxtd,47M,Single,0.4849,0.54,unseen_speaker,55.10000000000004,0
/group/project/ultrax2020/UltraSuite/core-uxtd/core/47M,043D,D,uxtd,47M,Single,0.4922899999999999,0.495,unseen_speaker,2.710000000000101,1
/group/project/ultrax2020/UltraSuite/core-uxtd/core/47M,044D,D,uxtd,47M,Single,0.4925600000000001,0.36,unseen_speaker,-132.56000000000012,0
/group/project/ultrax2020/UltraSuite/core-uxtd/core/47M,045D,D,uxtd,47M,Single,0.4920199999999999,0.495,unseen_speaker,2.9800000000000937,1
/group/project/ultrax2020/UltraSuite/core-uxtd/core/47M,046D,D,uxtd,47M,Single,0.4914699999999999,0.495,unseen_speaker,3.5300000000000886,1
/group/project/ultrax2020/UltraSuite/core-uxtd/core/47M,047D,D,uxtd,47M,Single,0.49107,1.215,unseen_speaker,723.9300000000001,0
/group/project/ultrax2020/UltraSuite/core-uxtd/core/47M,048D,D,uxtd,47M,Single,0.4926100000000001,0.405,unseen_speaker,-87.61000000000007,1
/group/project/ultrax2020/UltraSuite/core-uxtd/core/47M,049D,D,uxtd,47M,Single,0.4902,0.495,unseen_speaker,4.7999999999999705,1
/group/project/ultrax2020/UltraSuite/core-uxtd/core/47M,050D,D,uxtd,47M,Single,0.48594,0.495,unseen_speaker,9.060000000000013,1
/group/project/ultrax2020/UltraSuite/core-uxtd/core/47M,051D,D,uxtd,47M,Single,0.49066,0.54,unseen_speaker,49.34000000000005,0
/group/project/ultrax2020/UltraSuite/core-uxtd/core/52F,001A,A,uxtd,52F,Single,0.49755,0.45,unseen_speaker,-47.54999999999998,1
/group/project/ultrax2020/UltraSuite/core-uxtd/core/52F,002A,A,uxtd,52F,Single,0.4949699999999999,0.495,unseen_speaker,0.030000000000085514,1
/group/project/ultrax2020/UltraSuite/core-uxtd/core/52F,003A,A,uxtd,52F,Single,0.4947399999999999,0.585,unseen_speaker,90.26000000000006,0
/group/project/ultrax2020/UltraSuite/core-uxtd/core/52F,004A,A,uxtd,52F,Single,0.498,0.54,unseen_speaker,42.000000000000036,1
/group/project/ultrax2020/UltraSuite/core-uxtd/core/52F,005A,A,uxtd,52F,Single,0.49315,0.495,unseen_speaker,1.8500000000000183,1
/group/project/ultrax2020/UltraSuite/core-uxtd/core/52F,006A,A,uxtd,52F,Single,0.4946,0.45,unseen_speaker,-44.59999999999997,1
/group/project/ultrax2020/UltraSuite/core-uxtd/core/52F,008A,A,uxtd,52F,Single,0.48626,0.45,unseen_speaker,-36.26000000000001,1
/group/project/ultrax2020/UltraSuite/core-uxtd/core/52F,009A,A,uxtd,52F,Single,0.4966,0.495,unseen_speaker,-1.5999999999999903,1
/group/project/ultrax2020/UltraSuite/core-uxtd/core/52F,010A,A,uxtd,52F,Single,0.4951,0.495,unseen_speaker,-0.09999999999998899,1
/group/project/ultrax2020/UltraSuite/core-uxtd/core/52F,011A,A,uxtd,52F,Single,0.4981,0.54,unseen_speaker,41.90000000000005,1
/group/project/ultrax2020/UltraSuite/core-uxtd/core/52F,012A,A,uxtd,52F,Single,0.4926100000000001,0.495,unseen_speaker,2.389999999999892,1
/group/project/ultrax2020/UltraSuite/core-uxtd/core/52F,013A,A,uxtd,52F,Single,0.49642,0.36,unseen_speaker,-136.42,0
/group/project/ultrax2020/UltraSuite/core-uxtd/core/52F,015D,D,uxtd,52F,Single,0.48735,1.395,unseen_speaker,907.6500000000001,0
/group/project/ultrax2020/UltraSuite/core-uxtd/core/52F,016D,D,uxtd,52F,Single,0.4936100000000001,0.495,unseen_speaker,1.3899999999998913,1
/group/project/ultrax2020/UltraSuite/core-uxtd/core/52F,017D,D,uxtd,52F,Single,0.49941,0.495,unseen_speaker,-4.410000000000025,1
/group/project/ultrax2020/UltraSuite/core-uxtd/core/52F,018D,D,uxtd,52F,Single,0.4975100000000001,0.405,unseen_speaker,-92.51000000000009,1
/group/project/ultrax2020/UltraSuite/core-uxtd/core/52F,019D,D,uxtd,52F,Single,0.49732,0.36,unseen_speaker,-137.32,0
/group/project/ultrax2020/UltraSuite/core-uxtd/core/52F,020D,D,uxtd,52F,Single,0.4971899999999999,0.45,unseen_speaker,-47.1899999999999,1
/group/project/ultrax2020/UltraSuite/core-uxtd/core/52F,021D,D,uxtd,52F,Single,0.49583,0.36,unseen_speaker,-135.83,0
/group/project/ultrax2020/UltraSuite/core-uxtd/core/52F,022D,D,uxtd,52F,Single,0.4956899999999999,0.54,unseen_speaker,44.31000000000013,1
/group/project/ultrax2020/UltraSuite/core-uxtd/core/52F,023D,D,uxtd,52F,Single,0.49705,1.755,unseen_speaker,1257.9499999999998,0
/group/project/ultrax2020/UltraSuite/core-uxtd/core/52F,024D,D,uxtd,52F,Single,0.49728,0.72,unseen_speaker,222.71999999999997,0
/group/project/ultrax2020/UltraSuite/core-uxtd/core/52F,025D,D,uxtd,52F,Single,0.4970100000000001,1.71,unseen_speaker,1212.9899999999998,0
/group/project/ultrax2020/UltraSuite/core-uxtd/core/52F,026D,D,uxtd,52F,Single,0.4971899999999999,0.405,unseen_speaker,-92.18999999999988,1
/group/project/ultrax2020/UltraSuite/core-uxtd/core/52F,027D,D,uxtd,52F,Single,0.4927899999999999,0.36,unseen_speaker,-132.7899999999999,0
/group/project/ultrax2020/UltraSuite/core-uxtd/core/52F,028D,D,uxtd,52F,Single,0.49533,0.36,unseen_speaker,-135.33,0
/group/project/ultrax2020/UltraSuite/core-uxtd/core/52F,029D,D,uxtd,52F,Single,0.49687,0.495,unseen_speaker,-1.8699999999999828,1
/group/project/ultrax2020/UltraSuite/core-uxtd/core/52F,030D,D,uxtd,52F,Single,0.49896,0.45,unseen_speaker,-48.96,1
/group/project/ultrax2020/UltraSuite/core-uxtd/core/52F,031D,D,uxtd,52F,Single,0.49846,0.45,unseen_speaker,-48.46,1
/group/project/ultrax2020/UltraSuite/core-uxtd/core/52F,032D,D,uxtd,52F,Single,0.4913399999999999,0.585,unseen_speaker,93.66000000000008,0
/group/project/ultrax2020/UltraSuite/core-uxtd/core/52F,033D,D,uxtd,52F,Single,0.49696,0.495,unseen_speaker,-1.9600000000000173,1
/group/project/ultrax2020/UltraSuite/core-uxtd/core/52F,034D,D,uxtd,52F,Single,0.4883,0.315,unseen_speaker,-173.3,0
/group/project/ultrax2020/UltraSuite/core-uxtd/core/52F,035D,D,uxtd,52F,Single,0.49438,0.81,unseen_speaker,315.62000000000006,0
/group/project/ultrax2020/UltraSuite/core-uxtd/core/52F,036D,D,uxtd,52F,Single,0.49116,0.54,unseen_speaker,48.84000000000005,0
/group/project/ultrax2020/UltraSuite/core-uxtd/core/52F,037D,D,uxtd,52F,Single,0.48367,0.585,unseen_speaker,101.32999999999997,0
/group/project/ultrax2020/UltraSuite/core-uxtd/core/52F,038D,D,uxtd,52F,Single,0.4921100000000001,0.45,unseen_speaker,-42.11000000000009,1
/group/project/ultrax2020/UltraSuite/core-uxtd/core/52F,039D,D,uxtd,52F,Single,0.4961899999999999,0.54,unseen_speaker,43.81000000000013,1
/group/project/ultrax2020/UltraSuite/core-uxtd/core/52F,040D,D,uxtd,52F,Single,0.49175,0.495,unseen_speaker,3.249999999999975,1
/group/project/ultrax2020/UltraSuite/core-uxtd/core/52F,041D,D,uxtd,52F,Single,0.4923399999999999,1.305,unseen_speaker,812.6600000000001,0
/group/project/ultrax2020/UltraSuite/core-uxtd/core/52F,042D,D,uxtd,52F,Single,0.4937,0.495,unseen_speaker,1.2999999999999678,1
/group/project/ultrax2020/UltraSuite/core-uxtd/core/52F,043D,D,uxtd,52F,Single,0.4935600000000001,1.755,unseen_speaker,1261.4399999999998,0
/group/project/ultrax2020/UltraSuite/core-uxtd/core/52F,044D,D,uxtd,52F,Single,0.49333,0.405,unseen_speaker,-88.32999999999997,1
/group/project/ultrax2020/UltraSuite/core-uxtd/core/52F,045D,D,uxtd,52F,Single,0.4903399999999999,1.305,unseen_speaker,814.6600000000001,0
/group/project/ultrax2020/UltraSuite/core-uxtd/core/52F,046D,D,uxtd,52F,Single,0.49098,0.585,unseen_speaker,94.01999999999994,0
/group/project/ultrax2020/UltraSuite/core-uxtd/core/52F,047D,D,uxtd,52F,Single,0.4918399999999999,0.495,unseen_speaker,3.160000000000107,1
/group/project/ultrax2020/UltraSuite/core-uxtd/core/52F,048D,D,uxtd,52F,Single,0.49066,0.495,unseen_speaker,4.3400000000000105,1
/group/project/ultrax2020/UltraSuite/core-uxtd/core/52F,049D,D,uxtd,52F,Single,0.4911100000000001,1.755,unseen_speaker,1263.8899999999996,0
/group/project/ultrax2020/UltraSuite/core-uxtd/core/52F,050D,D,uxtd,52F,Single,0.49043,0.585,unseen_speaker,94.57,0
/group/project/ultrax2020/UltraSuite/core-uxtd/core/53F,001A,A,uxtd,53F,Single,0.48458,0.495,unseen_speaker,10.419999999999984,1
/group/project/ultrax2020/UltraSuite/core-uxtd/core/53F,002A,A,uxtd,53F,Single,0.48395,0.495,unseen_speaker,11.050000000000004,1
/group/project/ultrax2020/UltraSuite/core-uxtd/core/53F,003A,A,uxtd,53F,Single,0.4820399999999999,0.54,unseen_speaker,57.96000000000012,0
/group/project/ultrax2020/UltraSuite/core-uxtd/core/53F,004A,A,uxtd,53F,Single,0.48676,0.495,unseen_speaker,8.23999999999997,1
/group/project/ultrax2020/UltraSuite/core-uxtd/core/53F,005A,A,uxtd,53F,Single,0.48785,0.495,unseen_speaker,7.14999999999999,1
/group/project/ultrax2020/UltraSuite/core-uxtd/core/53F,006A,A,uxtd,53F,Single,0.48531,0.495,unseen_speaker,9.689999999999976,1
/group/project/ultrax2020/UltraSuite/core-uxtd/core/53F,008A,A,uxtd,53F,Single,0.47868,0.45,unseen_speaker,-28.679999999999982,1
/group/project/ultrax2020/UltraSuite/core-uxtd/core/53F,009A,A,uxtd,53F,Single,0.48512,0.495,unseen_speaker,9.879999999999999,1
/group/project/ultrax2020/UltraSuite/core-uxtd/core/53F,010A,A,uxtd,53F,Single,0.4825399999999999,0.495,unseen_speaker,12.460000000000083,1
/group/project/ultrax2020/UltraSuite/core-uxtd/core/53F,011A,A,uxtd,53F,Single,0.4878,0.54,unseen_speaker,52.200000000000024,0
/group/project/ultrax2020/UltraSuite/core-uxtd/core/53F,012A,A,uxtd,53F,Single,0.48503,0.495,unseen_speaker,9.96999999999998,1
/group/project/ultrax2020/UltraSuite/core-uxtd/core/53F,013A,A,uxtd,53F,Single,0.48649,0.405,unseen_speaker,-81.48999999999995,1
/group/project/ultrax2020/UltraSuite/core-uxtd/core/53F,015D,D,uxtd,53F,Single,0.48181,0.45,unseen_speaker,-31.810000000000006,1
/group/project/ultrax2020/UltraSuite/core-uxtd/core/53F,016D,D,uxtd,53F,Single,0.48472,0.495,unseen_speaker,10.280000000000012,1
/group/project/ultrax2020/UltraSuite/core-uxtd/core/53F,017D,D,uxtd,53F,Single,0.48757,0.54,unseen_speaker,52.430000000000035,0
/group/project/ultrax2020/UltraSuite/core-uxtd/core/53F,018D,D,uxtd,53F,Single,0.48667,0.45,unseen_speaker,-36.66999999999998,1
/group/project/ultrax2020/UltraSuite/core-uxtd/core/53F,019D,D,uxtd,53F,Single,0.48671,0.585,unseen_speaker,98.28999999999999,0
/group/project/ultrax2020/UltraSuite/core-uxtd/core/53F,020D,D,uxtd,53F,Single,0.48499,0.45,unseen_speaker,-34.98999999999997,1
/group/project/ultrax2020/UltraSuite/core-uxtd/core/53F,021D,D,uxtd,53F,Single,0.48707,1.305,unseen_speaker,817.93,0
/group/project/ultrax2020/UltraSuite/core-uxtd/core/53F,022D,D,uxtd,53F,Single,0.48531,0.495,unseen_speaker,9.689999999999976,1
/group/project/ultrax2020/UltraSuite/core-uxtd/core/53F,023D,D,uxtd,53F,Single,0.48639,0.585,unseen_speaker,98.60999999999997,0
/group/project/ultrax2020/UltraSuite/core-uxtd/core/53F,024D,D,uxtd,53F,Single,0.48472,0.585,unseen_speaker,100.27999999999999,0
/group/project/ultrax2020/UltraSuite/core-uxtd/core/53F,025D,D,uxtd,53F,Single,0.48476,0.54,unseen_speaker,55.24000000000001,0
/group/project/ultrax2020/UltraSuite/core-uxtd/core/53F,026D,D,uxtd,53F,Single,0.48517,0.405,unseen_speaker,-80.16999999999996,1
/group/project/ultrax2020/UltraSuite/core-uxtd/core/53F,027D,D,uxtd,53F,Single,0.4921100000000001,0.45,unseen_speaker,-42.11000000000009,1
/group/project/ultrax2020/UltraSuite/core-uxtd/core/53F,028D,D,uxtd,53F,Single,0.48268,0.405,unseen_speaker,-77.67999999999998,1
/group/project/ultrax2020/UltraSuite/core-uxtd/core/53F,029D,D,uxtd,53F,Single,0.48122,0.45,unseen_speaker,-31.21999999999997,1
/group/project/ultrax2020/UltraSuite/core-uxtd/core/53F,030D,D,uxtd,53F,Single,0.48748,0.45,unseen_speaker,-37.48000000000001,1
/group/project/ultrax2020/UltraSuite/core-uxtd/core/53F,031D,D,uxtd,53F,Single,0.4910199999999999,0.495,unseen_speaker,3.9800000000000946,1
/group/project/ultrax2020/UltraSuite/core-uxtd/core/53F,032D,D,uxtd,53F,Single,0.50472,0.495,unseen_speaker,-9.719999999999951,1
/group/project/ultrax2020/UltraSuite/core-uxtd/core/53F,033D,D,uxtd,53F,Single,0.50127,0.18,unseen_speaker,-321.27,0
/group/project/ultrax2020/UltraSuite/core-uxtd/core/53F,034D,D,uxtd,53F,Single,0.4905199999999999,0.45,unseen_speaker,-40.51999999999989,1
/group/project/ultrax2020/UltraSuite/core-uxtd/core/53F,035D,D,uxtd,53F,Single,0.48531,0.54,unseen_speaker,54.69000000000002,0
/group/project/ultrax2020/UltraSuite/core-uxtd/core/53F,036D,D,uxtd,53F,Single,0.48776,0.495,unseen_speaker,7.239999999999968,1
/group/project/ultrax2020/UltraSuite/core-uxtd/core/53F,037D,D,uxtd,53F,Single,0.4762399999999999,0.54,unseen_speaker,63.76000000000015,0
/group/project/ultrax2020/UltraSuite/core-uxtd/core/53F,038D,D,uxtd,53F,Single,0.4778199999999999,0.45,unseen_speaker,-27.8199999999999,1
/group/project/ultrax2020/UltraSuite/core-uxtd/core/53F,039D,D,uxtd,53F,Single,0.48603,1.755,unseen_speaker,1268.97,0
/group/project/ultrax2020/UltraSuite/core-uxtd/core/53F,040D,D,uxtd,53F,Single,0.48957,1.71,unseen_speaker,1220.4299999999998,0
/group/project/ultrax2020/UltraSuite/core-uxtd/core/53F,041D,D,uxtd,53F,Single,0.49787,1.26,unseen_speaker,762.13,0
/group/project/ultrax2020/UltraSuite/core-uxtd/core/53F,042D,D,uxtd,53F,Single,0.49692,0.765,unseen_speaker,268.08000000000004,0
/group/project/ultrax2020/UltraSuite/core-uxtd/core/53F,043D,D,uxtd,53F,Single,0.49973,1.665,unseen_speaker,1165.27,0
/group/project/ultrax2020/UltraSuite/core-uxtd/core/53F,044D,D,uxtd,53F,Single,0.49605,0.0,unseen_speaker,-496.05,0
/group/project/ultrax2020/UltraSuite/core-uxtd/core/53F,045D,D,uxtd,53F,Single,0.4970100000000001,0.405,unseen_speaker,-92.01000000000009,1
/group/project/ultrax2020/UltraSuite/core-uxtd/core/53F,046D,D,uxtd,53F,Single,0.4962399999999999,0.45,unseen_speaker,-46.239999999999895,1
/group/project/ultrax2020/UltraSuite/core-uxtd/core/53F,047D,D,uxtd,53F,Single,0.49615,0.36,unseen_speaker,-136.15,0
/group/project/ultrax2020/UltraSuite/core-uxtd/core/53F,048D,D,uxtd,53F,Single,0.49587,0.315,unseen_speaker,-180.86999999999998,0
/group/project/ultrax2020/UltraSuite/core-uxtd/core/53F,049D,D,uxtd,53F,Single,0.4944199999999999,1.755,unseen_speaker,1260.58,0
/group/project/ultrax2020/UltraSuite/core-uxtd/core/53F,050D,D,uxtd,53F,Single,0.4956899999999999,0.81,unseen_speaker,314.3100000000002,0
/group/project/ultrax2020/UltraSuite/core-uxtd/core/53F,051D,D,uxtd,53F,Single,0.4920199999999999,1.71,unseen_speaker,1217.98,0
/group/project/ultrax2020/UltraSuite/core-uxtd/core/53F,052D,D,uxtd,53F,Single,0.49465,1.665,unseen_speaker,1170.35,0
/group/project/ultrax2020/UltraSuite/core-uxtd/core/55M,001A,A,uxtd,55M,Single,0.48916,0.54,unseen_speaker,50.84000000000005,0
/group/project/ultrax2020/UltraSuite/core-uxtd/core/55M,002A,A,uxtd,55M,Single,0.48803,0.495,unseen_speaker,6.969999999999976,1
/group/project/ultrax2020/UltraSuite/core-uxtd/core/55M,003A,A,uxtd,55M,Single,0.4873,0.495,unseen_speaker,7.699999999999985,1
/group/project/ultrax2020/UltraSuite/core-uxtd/core/55M,004A,A,uxtd,55M,Single,0.4922,0.54,unseen_speaker,47.80000000000001,0
/group/project/ultrax2020/UltraSuite/core-uxtd/core/55M,005A,A,uxtd,55M,Single,0.4937899999999999,0.45,unseen_speaker,-43.789999999999885,1
/group/project/ultrax2020/UltraSuite/core-uxtd/core/55M,006A,A,uxtd,55M,Single,0.4926100000000001,0.495,unseen_speaker,2.389999999999892,1
/group/project/ultrax2020/UltraSuite/core-uxtd/core/55M,008A,A,uxtd,55M,Single,0.48757,0.495,unseen_speaker,7.429999999999993,1
/group/project/ultrax2020/UltraSuite/core-uxtd/core/55M,009A,A,uxtd,55M,Single,0.48916,0.45,unseen_speaker,-39.159999999999975,1
/group/project/ultrax2020/UltraSuite/core-uxtd/core/55M,010A,A,uxtd,55M,Single,0.49057,0.495,unseen_speaker,4.429999999999989,1
/group/project/ultrax2020/UltraSuite/core-uxtd/core/55M,011A,A,uxtd,55M,Single,0.4917,0.54,unseen_speaker,48.30000000000001,0
/group/project/ultrax2020/UltraSuite/core-uxtd/core/55M,012A,A,uxtd,55M,Single,0.4903399999999999,0.54,unseen_speaker,49.660000000000146,0
/group/project/ultrax2020/UltraSuite/core-uxtd/core/55M,013A,A,uxtd,55M,Single,0.49107,0.495,unseen_speaker,3.929999999999989,1
/group/project/ultrax2020/UltraSuite/core-uxtd/core/55M,015D,D,uxtd,55M,Single,0.4808199999999999,0.495,unseen_speaker,14.180000000000081,1
/group/project/ultrax2020/UltraSuite/core-uxtd/core/55M,016D,D,uxtd,55M,Single,0.4913399999999999,0.495,unseen_speaker,3.6600000000001076,1
/group/project/ultrax2020/UltraSuite/core-uxtd/core/55M,017D,D,uxtd,55M,Single,0.49238,0.54,unseen_speaker,47.620000000000054,0
/group/project/ultrax2020/UltraSuite/core-uxtd/core/55M,018D,D,uxtd,55M,Single,0.4914699999999999,0.45,unseen_speaker,-41.4699999999999,1
/group/project/ultrax2020/UltraSuite/core-uxtd/core/55M,019D,D,uxtd,55M,Single,0.49215,1.755,unseen_speaker,1262.85,0
/group/project/ultrax2020/UltraSuite/core-uxtd/core/55M,020D,D,uxtd,55M,Single,0.49215,0.495,unseen_speaker,2.850000000000019,1
/group/project/ultrax2020/UltraSuite/core-uxtd/core/55M,021D,D,uxtd,55M,Single,0.4918399999999999,0.765,unseen_speaker,273.16000000000014,0
/group/project/ultrax2020/UltraSuite/core-uxtd/core/55M,022D,D,uxtd,55M,Single,0.49057,0.0,unseen_speaker,-490.57,0
/group/project/ultrax2020/UltraSuite/core-uxtd/core/55M,023D,D,uxtd,55M,Single,0.4893899999999999,0.315,unseen_speaker,-174.38999999999987,0
/group/project/ultrax2020/UltraSuite/core-uxtd/core/55M,024D,D,uxtd,55M,Single,0.49188,0.27,unseen_speaker,-221.87999999999997,0
/group/project/ultrax2020/UltraSuite/core-uxtd/core/55M,025D,D,uxtd,55M,Single,0.49098,0.0,unseen_speaker,-490.98,0
/group/project/ultrax2020/UltraSuite/core-uxtd/core/55M,026D,D,uxtd,55M,Single,0.49138,0.45,unseen_speaker,-41.379999999999974,1
/group/project/ultrax2020/UltraSuite/core-uxtd/core/55M,027D,D,uxtd,55M,Single,0.49238,0.54,unseen_speaker,47.620000000000054,0
/group/project/ultrax2020/UltraSuite/core-uxtd/core/55M,028D,D,uxtd,55M,Single,0.4916100000000001,0.0,unseen_speaker,-491.6100000000001,0
/group/project/ultrax2020/UltraSuite/core-uxtd/core/55M,029D,D,uxtd,55M,Single,0.4898899999999999,0.495,unseen_speaker,5.110000000000115,1
/group/project/ultrax2020/UltraSuite/core-uxtd/core/55M,030D,D,uxtd,55M,Single,0.47705,0.45,unseen_speaker,-27.04999999999996,1
/group/project/ultrax2020/UltraSuite/core-uxtd/core/55M,031D,D,uxtd,55M,Single,0.48558,0.495,unseen_speaker,9.419999999999984,1
/group/project/ultrax2020/UltraSuite/core-uxtd/core/55M,032D,D,uxtd,55M,Single,0.48381,0.495,unseen_speaker,11.189999999999978,1
/group/project/ultrax2020/UltraSuite/core-uxtd/core/55M,033D,D,uxtd,55M,Single,0.4766399999999999,0.54,unseen_speaker,63.36000000000014,0
/group/project/ultrax2020/UltraSuite/core-uxtd/core/55M,034D,D,uxtd,55M,Single,0.5058,0.54,unseen_speaker,34.20000000000001,1
/group/project/ultrax2020/UltraSuite/core-uxtd/core/55M,035D,D,uxtd,55M,Single,0.48621,0.765,unseen_speaker,278.79,0
/group/project/ultrax2020/UltraSuite/core-uxtd/core/55M,036D,D,uxtd,55M,Single,0.4805399999999999,0.585,unseen_speaker,104.46000000000005,0
/group/project/ultrax2020/UltraSuite/core-uxtd/core/55M,037D,D,uxtd,55M,Single,0.48245,0.45,unseen_speaker,-32.44999999999998,1
/group/project/ultrax2020/UltraSuite/core-uxtd/core/55M,038D,D,uxtd,55M,Single,0.48576,0.45,unseen_speaker,-35.76000000000001,1
/group/project/ultrax2020/UltraSuite/core-uxtd/core/55M,039D,D,uxtd,55M,Single,0.49478,0.72,unseen_speaker,225.21999999999997,0
/group/project/ultrax2020/UltraSuite/core-uxtd/core/55M,040D,D,uxtd,55M,Single,0.49841,0.54,unseen_speaker,41.59000000000002,1
/group/project/ultrax2020/UltraSuite/core-uxtd/core/55M,041D,D,uxtd,55M,Single,0.49683,0.495,unseen_speaker,-1.8299999999999983,1
/group/project/ultrax2020/UltraSuite/core-uxtd/core/55M,042D,D,uxtd,55M,Single,0.49828,0.495,unseen_speaker,-3.280000000000005,1
/group/project/ultrax2020/UltraSuite/core-uxtd/core/55M,043D,D,uxtd,55M,Single,0.4939699999999999,0.45,unseen_speaker,-43.9699999999999,1
/group/project/ultrax2020/UltraSuite/core-uxtd/core/55M,044D,D,uxtd,55M,Single,0.49778,0.54,unseen_speaker,42.220000000000034,1
/group/project/ultrax2020/UltraSuite/core-uxtd/core/55M,045D,D,uxtd,55M,Single,0.49968,0.54,unseen_speaker,40.32000000000002,1
/group/project/ultrax2020/UltraSuite/core-uxtd/core/55M,046D,D,uxtd,55M,Single,0.4917,0.495,unseen_speaker,3.2999999999999696,1
/group/project/ultrax2020/UltraSuite/core-uxtd/core/55M,047D,D,uxtd,55M,Single,0.49778,0.27,unseen_speaker,-227.77999999999997,0
/group/project/ultrax2020/UltraSuite/core-uxtd/core/55M,048D,D,uxtd,55M,Single,0.4971899999999999,0.45,unseen_speaker,-47.1899999999999,1
/group/project/ultrax2020/UltraSuite/core-uxtd/core/55M,049D,D,uxtd,55M,Single,0.4951,0.45,unseen_speaker,-45.09999999999997,1
/group/project/ultrax2020/UltraSuite/core-uxtd/core/55M,050D,D,uxtd,55M,Single,0.4975100000000001,0.54,unseen_speaker,42.48999999999992,1
/group/project/ultrax2020/UltraSuite/core-uxtd/core/55M,051D,D,uxtd,55M,Single,0.4956,1.26,unseen_speaker,764.4,0
/group/project/ultrax2020/UltraSuite/core-uxtd/core/55M,052D,D,uxtd,55M,Single,0.499,0.405,unseen_speaker,-93.99999999999997,1
